{"cameraMode":{"drawMode":0,"name":"Shaded","section":"Shading Mode"},"sceneLighting":true,"audioPlay":false,"sceneViewState":{"m_AlwaysRefresh":false,"showFog":true,"showSkybox":true,"showFlares":true,"showImageEffects":true,"showParticleSystems":true,"showVisualEffectGraphs":true,"m_FxEnabled":true},"in2DMode":false,"pivot":{"x":-1.4650765657424927,"y":0.5446637272834778,"z":1.4251428842544556},"rotation":{"x":0.2935110032558441,"y":-0.0028675259090960027,"z":0.0008804340614005923,"w":0.9559527039527893},"size":4.548819065093994,"orthographic":false}