{"cameraMode":{"drawMode":0,"name":"Shaded","section":"Shading Mode"},"sceneLighting":true,"audioPlay":false,"sceneViewState":{"m_AlwaysRefresh":false,"showFog":true,"showSkybox":true,"showFlares":true,"showImageEffects":true,"showParticleSystems":true,"showVisualEffectGraphs":true,"m_FxEnabled":true},"in2DMode":false,"pivot":{"x":-2.0203464031219484,"y":-22.116281509399415,"z":81.70209503173828},"rotation":{"x":0.17989079654216767,"y":0.01739034242928028,"z":-0.003212587907910347,"w":0.9835629463195801},"size":47.61030197143555,"orthographic":false}